mix_id,flow_id,size,slowdown,sim
0,4,5444,1.0057943673359386,Ns3
0,1,70220,1.0070002592688618,Ns3
0,0,86223,1.0070418785442348,Ns3
0,2,107287,1.0070603960289315,Ns3
0,9,5107,1.0060131450146832,Ns3
0,5,97865,1.5102596360323624,Ns3
0,8,102284,1.0168098533512457,Ns3
0,10,129010,1.2996954570846773,Ns3
0,21,21569,2.68737158966028,Ns3
0,16,176120,1.0632460454605874,Ns3
0,12,313213,1.0440303007462124,Ns3
0,11,365968,1.0071174722150427,Ns3
0,20,77941,3.737066056284297,Ns3
0,6,256610,1.9473886120739456,Ns3
0,30,13677,2.705611068408916,Ns3
0,26,74416,1.40426249616682,Ns3
0,29,28674,2.787975743145206,Ns3
0,38,9306,1.0062839992496717,Ns3
0,40,12859,1.0273882076510756,Ns3
0,3,384340,1.8957099772265649,Ns3
0,18,480458,1.0865044564246995,Ns3
0,27,184167,1.425881514748634,Ns3
0,41,65137,1.3595683578452702,Ns3
0,33,145561,1.5216636837600186,Ns3
0,13,228889,2.980400819929001,Ns3
0,54,51623,1.0470376474670369,Ns3
0,51,127988,1.0497674672092432,Ns3
0,53,125160,1.0542903279692633,Ns3
0,39,219317,1.483603088116324,Ns3
0,36,79220,3.8000809336083337,Ns3
0,14,328970,2.5132918755116402,Ns3
0,45,233067,1.0100260870003985,Ns3
0,47,178595,1.372452726271342,Ns3
0,23,246803,3.2083742714603227,Ns3
0,37,292542,1.4701840688695793,Ns3
0,57,68885,1.5707304187029454,Ns3
0,46,307414,1.039739243606823,Ns3
0,68,16872,1.8920558271008774,Ns3
0,17,290721,3.254705214513008,Ns3
0,55,88315,2.942306691643251,Ns3
0,73,51747,1.0069031183051655,Ns3
0,48,413084,1.0423765961774827,Ns3
0,65,95608,2.0448705587427085,Ns3
0,79,11933,1.7318535825545172,Ns3
0,43,153753,3.450008630361612,Ns3
0,76,120133,1.3817677850534082,Ns3
0,63,85270,3.9505595415921837,Ns3
0,58,233591,2.037325908097602,Ns3
0,22,403123,2.9741611092847413,Ns3
0,28,327609,2.9185187588548933,Ns3
0,86,183729,1.0070848717899663,Ns3
0,67,113810,4.495326722189415,Ns3
0,78,69150,4.925979169722752,Ns3
0,96,31081,2.981568573206999,Ns3
0,87,274793,1.1824323744648724,Ns3
0,85,58396,5.112272858379002,Ns3
0,97,32540,3.2214513344841325,Ns3
0,70,74706,7.062688863249272,Ns3
0,90,155599,2.021134001275845,Ns3
0,94,238187,1.2801663464530373,Ns3
0,64,259961,2.827728084246395,Ns3
0,88,144702,2.6983941535263356,Ns3
0,106,2651,1.125788643533123,Ns3
0,81,180110,3.075563704455021,Ns3
0,71,240392,3.006103500090549,Ns3
0,82,83841,6.0993735550749495,Ns3
0,60,495559,1.720648693119175,Ns3
0,42,303435,3.678615448599191,Ns3
0,108,9424,2.8935888232370646,Ns3
0,92,203891,2.216531761292328,Ns3
0,72,152696,4.740076722640417,Ns3
0,25,430922,3.3984261306915395,Ns3
0,74,308616,2.544092675315139,Ns3
0,109,29205,3.6353960939214396,Ns3
0,112,41413,1.5196143913082198,Ns3
0,15,603404,2.964642005219139,Ns3
0,110,42075,2.600452906516577,Ns3
0,102,200578,1.0632568533620377,Ns3
0,116,7250,1.8014740846409891,Ns3
0,62,398696,2.557500089032396,Ns3
0,50,540524,2.311578162192995,Ns3
0,44,383697,3.3301317125064394,Ns3
0,89,209087,3.000868210031331,Ns3
0,52,309374,3.9363154945466827,Ns3
0,113,35722,2.3765042979942694,Ns3
0,91,191544,3.537759286419827,Ns3
0,69,742229,1.4055900969024813,Ns3
0,114,125820,1.5800964149166066,Ns3
0,84,346826,2.526825993921304,Ns3
0,83,389132,2.3831585923036935,Ns3
0,129,24785,1.584518970189702,Ns3
0,59,603246,2.1882683630155038,Ns3
0,122,119890,1.8763624044139,Ns3
0,132,76441,1.6375605236415804,Ns3
0,93,617766,1.530003803786112,Ns3
0,100,379871,1.9828566446848126,Ns3
0,104,349739,1.777328345650477,Ns3
0,130,166223,1.6584108270845936,Ns3
0,107,249097,2.659767477507188,Ns3
0,155,3878,1.6132847366855103,Ns3
0,144,57076,1.8011512008532862,Ns3
0,140,105513,1.613173232832289,Ns3
0,145,13290,6.600463853377079,Ns3
0,127,89858,4.003742865163282,Ns3
0,101,390326,2.298688309956479,Ns3
0,153,14738,6.818462955652059,Ns3
0,61,928411,1.7254849731324629,Ns3
0,156,10216,6.937696884844242,Ns3
0,174,49321,1.63743947142146,Ns3
0,151,150118,2.6072122483873477,Ns3
0,120,90742,8.501968146308968,Ns3
0,34,431516,5.235938012683625,Ns3
0,103,567842,2.0486217737807997,Ns3
0,177,38163,3.4189956958393113,Ns3
0,134,330683,2.2398004014830586,Ns3
0,80,689461,2.5308580738719932,Ns3
0,160,122491,3.4634231877464363,Ns3
0,136,322105,2.515370459977419,Ns3
0,170,222693,1.7794802233646143,Ns3
0,128,143579,6.298230943469754,Ns3
0,180,46319,2.376160656445692,Ns3
0,142,119964,5.447801230118948,Ns3
0,178,65679,2.493283521481361,Ns3
0,187,3678,4.296747967479675,Ns3
0,163,215966,2.26895956478527,Ns3
0,139,297217,2.7832099549486973,Ns3
0,164,277286,1.9058198359052843,Ns3
0,172,464754,1.1512371562357415,Ns3
0,190,10153,3.319861185264282,Ns3
0,182,86778,2.5799705733375142,Ns3
0,98,656546,2.7597244322291337,Ns3
0,162,535169,1.4504975173981536,Ns3
0,198,5780,4.4147457328875594,Ns3
0,176,223107,2.9499776121368555,Ns3
0,133,351462,3.3252399625904476,Ns3
0,77,220563,9.76251807340108,Ns3
0,19,582355,5.554679785158602,Ns3
0,119,685953,2.1737399336643195,Ns3
0,181,169704,2.969946953347183,Ns3
0,202,15959,5.724727070869056,Ns3
0,199,155901,1.1005648532430368,Ns3
0,184,303147,1.78494941749349,Ns3
0,159,382388,2.594623602699643,Ns3
0,204,50487,1.8564596479574893,Ns3
0,105,738408,2.4524375609269584,Ns3
0,99,388523,5.071377944548677,Ns3
0,195,65616,4.8346070057747506,Ns3
0,7,1271474,2.820186767335585,Ns3
0,205,27331,3.697236668477839,Ns3
0,66,1070253,2.464955353669624,Ns3
0,213,33896,2.0178262817640658,Ns3
0,167,392655,2.639456335719623,Ns3
0,208,67146,2.136731035882174,Ns3
0,141,187814,7.207354290314729,Ns3
0,185,147735,4.341091924001135,Ns3
0,169,330262,3.2565221278497987,Ns3
0,200,185462,2.08799873637656,Ns3
0,75,457089,5.673599226984349,Ns3
0,193,484276,1.2104514935598794,Ns3
0,215,43924,3.4867768770877214,Ns3
0,115,277617,6.481228911531916,Ns3
0,137,397335,3.8834410267099426,Ns3
0,210,204052,1.3145414076114776,Ns3
0,183,383021,2.2357694706743327,Ns3
0,218,196220,1.0667244471010162,Ns3
0,123,958349,1.9084854192334846,Ns3
0,161,310867,4.200764005179439,Ns3
0,230,12356,4.930009079903147,Ns3
0,117,360126,5.402512998266897,Ns3
0,196,150369,4.369935827300169,Ns3
0,236,3841,2.7062025734081163,Ns3
0,209,88706,5.29642153814262,Ns3
0,220,106255,3.7716738477608045,Ns3
0,171,341928,4.216631648789119,Ns3
0,243,32605,1.56222020891068,Ns3
0,124,352099,5.814222084979408,Ns3
0,233,37314,5.436264026015879,Ns3
0,237,210186,1.1410862327098836,Ns3
0,35,317106,11.249245267773851,Ns3
0,166,522978,3.1143407074229077,Ns3
0,252,45584,1.6306725452463888,Ns3
0,157,298092,5.882876286742153,Ns3
0,175,306031,5.13755167201382,Ns3
0,245,61813,3.277275953287309,Ns3
0,253,21040,4.013459475275529,Ns3
0,149,485961,3.9896262625769983,Ns3
0,212,272495,2.80187104252448,Ns3
0,248,30888,6.717398872101929,Ns3
0,257,36841,1.4558369913394233,Ns3
0,241,255638,1.6042676297702188,Ns3
0,263,14691,1.3641820580474935,Ns3
0,211,255791,3.2991740255435134,Ns3
0,261,33396,1.2831485443817674,Ns3
0,226,118966,6.499853704209418,Ns3
0,216,200873,4.761832988654819,Ns3
0,173,415184,4.577582790990698,Ns3
0,247,129316,3.595991506100639,Ns3
0,268,136032,1.213880498678007,Ns3
0,231,171923,4.198264014935435,Ns3
0,265,159209,1.2773819569284954,Ns3
0,223,252622,3.6384557223049603,Ns3
0,240,213514,3.1627232769101283,Ns3
0,239,317257,2.183915274609548,Ns3
0,272,99722,2.04205288433721,Ns3
0,242,249496,2.770263491513366,Ns3
0,152,580078,3.973575775290569,Ns3
0,165,349352,5.902429605473791,Ns3
0,270,105136,2.400268208499132,Ns3
0,266,66565,4.861399140459786,Ns3
0,235,361080,2.3801046297690682,Ns3
0,143,758504,3.257724951173328,Ns3
0,219,501827,2.3250220699635404,Ns3
0,150,480705,5.02688369047968,Ns3
0,259,160316,3.1394087808291062,Ns3
0,249,241706,3.061884731107411,Ns3
0,214,280719,4.560793982132882,Ns3
0,192,1097033,1.5551644567051404,Ns3
0,246,110084,6.934413271529642,Ns3
0,206,195804,7.176085108877231,Ns3
0,207,667023,2.1620479139968674,Ns3
0,260,190060,3.1827758042234064,Ns3
0,288,11408,3.1673107890499197,Ns3
0,227,377091,3.1415606164190244,Ns3
0,221,450214,3.0336080516221355,Ns3
0,295,11786,2.4546454959911963,Ns3
0,281,93926,3.8790803188228082,Ns3
0,289,56402,3.262204488778055,Ns3
0,269,313829,2.2178773891879486,Ns3
0,224,145516,9.151993946273175,Ns3
0,271,275997,2.5122606493168123,Ns3
0,168,916660,2.8407482633214527,Ns3
0,225,473781,3.203506604580443,Ns3
0,250,446252,2.5482359185298216,Ns3
0,56,886326,4.997317240316831,Ns3
0,305,19515,1.7769746254047134,Ns3
0,302,81778,1.795589553911679,Ns3
0,238,319521,4.445457367320242,Ns3
0,294,100531,3.136980482204363,Ns3
0,146,515007,5.857427184355221,Ns3
0,312,16479,2.362032759344813,Ns3
0,311,23772,3.5421004084859664,Ns3
0,310,44458,3.368823852021738,Ns3
0,186,366735,6.713335754887717,Ns3
0,301,150688,2.005165497266236,Ns3
0,323,24298,1.77813657108413,Ns3
0,279,297617,2.7949891974390995,Ns3
0,282,402515,1.9544837196175961,Ns3
0,121,251149,13.464993089697986,Ns3
0,329,21501,2.899588004215771,Ns3
0,309,39313,5.382159406858202,Ns3
0,229,454237,4.002221544286172,Ns3
0,315,111906,2.238123331056325,Ns3
0,324,21123,6.78736390630155,Ns3
0,321,89964,2.435171100231372,Ns3
0,258,826220,1.6657945457683678,Ns3
0,232,715067,2.582585255913064,Ns3
0,254,356392,4.212303120553734,Ns3
0,335,30027,4.269893355209188,Ns3
0,131,1054938,3.423062698589885,Ns3
0,322,132382,2.3773034438517713,Ns3
0,256,328880,4.701157144704141,Ns3
0,273,128400,8.84504974026415,Ns3
0,316,92908,4.124439267392005,Ns3
0,317,83419,4.636404864976294,Ns3
0,342,48633,1.0597394853919186,Ns3
0,299,232616,2.853977065890062,Ns3
0,304,140760,4.3439124532300255,Ns3
0,292,379709,2.51685292912993,Ns3
0,296,259567,3.175558490000953,Ns3
0,228,499249,4.337930903505628,Ns3
0,286,380313,2.8769832631559304,Ns3
0,264,225733,6.819193592067163,Ns3
0,277,409273,3.3028863391896737,Ns3
0,332,51219,8.292297276638495,Ns3
0,290,299492,3.592603653377134,Ns3
0,298,90494,9.852600678603652,Ns3
0,347,30920,1.4459515859766277,Ns3
0,349,9175,2.783387005114605,Ns3
0,307,75499,9.931689981096408,Ns3
0,339,60902,4.971643528573662,Ns3
0,49,790918,6.764212118600497,Ns3
0,346,38650,4.9164585698070375,Ns3
0,284,200421,6.975724613277654,Ns3
0,320,101443,7.098298676748582,Ns3
0,345,202669,1.4128799504305478,Ns3
0,244,414114,5.377860468306569,Ns3
0,355,41392,4.773457266892162,Ns3
0,179,658545,5.118819753864669,Ns3
0,357,44964,3.871739184086478,Ns3
0,306,291819,3.6590390033509976,Ns3
0,360,25315,6.355095938200847,Ns3
0,359,72161,2.84493211240922,Ns3
0,118,653423,6.874879184925185,Ns3
0,333,197390,4.219575457981971,Ns3
0,370,719,1.2058276503409795,Ns3
0,351,385382,1.3142588801483068,Ns3
0,234,996254,2.6779249087113106,Ns3
0,24,1467670,4.375238286833263,Ns3
0,381,1161,1.0168927906358074,Ns3
0,336,183849,5.52632417515885,Ns3
0,362,105035,3.6008537417211257,Ns3
0,267,399368,5.777321853927924,Ns3
0,326,538520,2.329978244402558,Ns3
0,364,266875,1.3638226099856943,Ns3
0,287,326671,5.90910701373825,Ns3
0,382,143019,1.1801018537380321,Ns3
0,276,424787,5.374915346820245,Ns3
0,197,897744,4.003378105480053,Ns3
0,308,452274,3.494588486687913,Ns3
0,383,68072,3.6760018024934493,Ns3
0,337,316754,3.846179241689311,Ns3
0,377,251199,1.4756974874984183,Ns3
0,384,277655,1.1168703242954068,Ns3
0,368,140506,3.410016583747927,Ns3
0,380,46438,7.5237947048403315,Ns3
0,396,49744,2.556823030112501,Ns3
0,340,150557,8.231125165670704,Ns3
0,375,321577,1.4471514862210146,Ns3
0,389,139853,2.1258830389870043,Ns3
0,275,708049,3.640523029289573,Ns3
0,392,59065,5.080408630895551,Ns3
0,391,74270,4.508862742688621,Ns3
0,387,268487,1.526080869347682,Ns3
0,390,74338,4.693023113048283,Ns3
0,402,92210,2.035650112303469,Ns3
0,330,437425,3.8657416179870174,Ns3
0,394,274119,1.3654824299282406,Ns3
0,188,1235394,3.3985508433024667,Ns3
0,403,33366,5.726672604390423,Ns3
0,353,281150,4.288709477596531,Ns3
0,374,359799,2.0062722395082093,Ns3
0,348,744369,1.770197704275002,Ns3
0,385,204763,3.0986482303167886,Ns3
0,293,695801,3.310986370292494,Ns3
0,376,184955,4.062167367834153,Ns3
0,416,65809,1.3839946200403497,Ns3
0,418,8028,2.59224961660965,Ns3
0,415,34549,2.821394826221303,Ns3
0,408,140149,1.7679591073432241,Ns3
0,417,97110,1.2479525222551928,Ns3
0,400,245085,2.1335772662229777,Ns3
0,361,357596,3.2378818657452464,Ns3
0,369,314366,3.140533233195644,Ns3
0,395,165173,3.7177197987028716,Ns3
0,325,556278,3.69978849786579,Ns3
0,367,295717,3.507159128537176,Ns3
0,262,721640,4.473820124955687,Ns3
0,409,94601,4.4650180206506915,Ns3
0,411,95322,4.209407442321405,Ns3
0,423,184026,1.5543580668160522,Ns3
0,338,284327,6.875104197338354,Ns3
0,189,591573,7.88571216545793,Ns3
0,421,319933,1.1519576000944844,Ns3
0,222,1058740,3.8735675316154197,Ns3
0,365,221167,5.816053600556834,Ns3
0,422,99029,3.6165430172022224,Ns3
0,430,6341,3.500257599175683,Ns3
0,358,703755,2.2688383615088914,Ns3
0,427,46773,2.7404738119023833,Ns3
0,125,1204078,4.795721867001354,Ns3
0,371,217632,5.89723420451662,Ns3
0,341,331833,6.215160899900328,Ns3
0,419,90443,6.305861411315957,Ns3
0,386,268112,4.468114559940936,Ns3
0,406,640234,1.3013239201087168,Ns3
0,300,244392,10.889211350011395,Ns3
0,443,9108,3.0109767025089607,Ns3
0,437,163576,1.580433073679697,Ns3
0,251,688206,5.6540667969687615,Ns3
0,429,234370,1.8215925889425446,Ns3
0,147,1427168,4.096470242802185,Ns3
0,441,148870,2.0845089187748833,Ns3
0,457,16989,2.8638137921064044,Ns3
0,442,182681,1.791228452698543,Ns3
0,314,191431,14.330680419621403,Ns3
0,440,72240,5.951044098164154,Ns3
0,454,15885,6.220624521398792,Ns3
0,410,213884,5.16144817851788,Ns3
0,432,427448,1.3388993519082701,Ns3
0,467,16648,5.038209736936079,Ns3
0,446,61638,6.178574049611037,Ns3
0,447,159012,2.4444672989193914,Ns3
0,404,331257,4.121294021586043,Ns3
0,352,919724,2.53318932698361,Ns3
0,373,261796,6.939351122710705,Ns3
0,420,198571,5.309277071418443,Ns3
0,434,378623,1.7662008258938333,Ns3
0,297,411316,8.215741041278735,Ns3
0,462,62769,4.038599340753834,Ns3
0,425,586220,1.566406945681211,Ns3
0,354,287833,8.488481774077231,Ns3
0,474,53631,4.070510942796167,Ns3
0,135,278267,22.596769685770184,Ns3
0,313,732552,4.426104392424997,Ns3
0,470,244799,1.4781116127450273,Ns3
0,283,716738,5.510891935692341,Ns3
0,461,139060,3.3699646583923757,Ns3
0,194,772389,7.052715312369291,Ns3
0,491,35125,1.6396644586144988,Ns3
0,466,138149,3.330110671870127,Ns3
0,328,203370,15.026223718154542,Ns3
0,431,156726,6.276567996184344,Ns3
0,448,83690,7.874947095874723,Ns3
0,485,161803,1.4771374497962957,Ns3
0,191,1274645,4.429550216432432,Ns3
0,503,4325,3.343557336621455,Ns3
0,449,234679,3.315000175428924,Ns3
0,436,314299,3.284262357885723,Ns3
0,303,1050873,3.3958101766435687,Ns3
0,502,11168,6.073192672554792,Ns3
0,439,302793,3.3497891545134966,Ns3
0,401,133825,13.060845825636331,Ns3
0,399,389770,4.956433588082823,Ns3
0,331,483688,6.856320740849625,Ns3
0,350,618702,4.634718340523401,Ns3
0,414,791889,2.043660016955638,Ns3
0,445,65608,12.443314310260186,Ns3
0,460,56495,11.855697211155379,Ns3
0,426,553385,2.2577993459225656,Ns3
0,488,71427,4.659363788567329,Ns3
0,468,324074,2.2185850091274455,Ns3
0,480,132070,4.375537432607657,Ns3
0,479,112932,5.461431927531623,Ns3
0,463,400225,2.0512333853649305,Ns3
0,438,446547,2.8120622392663255,Ns3
0,95,487458,15.390606639598758,Ns3
0,504,104431,3.090769264816536,Ns3
0,451,294436,3.550381416368852,Ns3
0,388,365752,6.413724072384188,Ns3
0,465,418315,2.3423454777992823,Ns3
0,473,294494,3.0662425944248386,Ns3
0,501,79762,5.336725554589234,Ns3
0,444,334101,3.930153297884376,Ns3
0,398,1032699,2.324357818188519,Ns3
0,505,349969,1.5087551036259805,Ns3
0,516,183076,1.6176914709834282,Ns3
0,319,607525,6.439224004906614,Ns3
0,521,84035,2.56421905697446,Ns3
0,475,113191,8.840711405824687,Ns3
0,32,480118,18.306987766761395,Ns3
0,393,227861,10.79903749589842,Ns3
0,514,128322,3.049376341748417,Ns3
0,405,659597,3.7219215435704065,Ns3
0,542,10484,4.314315555845682,Ns3
0,499,104507,6.595449199775016,Ns3
0,456,616659,2.1886526651668268,Ns3
0,285,523040,9.081834707671664,Ns3
0,522,144963,2.5088321884200195,Ns3
0,372,650542,4.563262647146306,Ns3
0,433,444440,4.0408206767919,Ns3
0,217,241395,23.97920278126287,Ns3
0,344,233128,14.752641256128882,Ns3
0,541,198779,1.1997898750464813,Ns3
0,534,60975,4.862285634937166,Ns3
0,379,935930,3.33210718919206,Ns3
0,471,105537,12.876983500226386,Ns3
0,510,279372,3.0233189154974154,Ns3
0,280,558243,9.182476618636253,Ns3
0,545,124063,2.923463561654093,Ns3
0,148,435213,16.878405987282893,Ns3
0,490,414125,2.9999799947414747,Ns3
0,561,76315,1.0915349616858236,Ns3
0,487,191787,6.752258743474907,Ns3
0,544,495444,1.0790903284606055,Ns3
0,531,557735,1.2712247198179614,Ns3
0,450,339688,5.717910458143773,Ns3
0,428,352221,6.54077469231079,Ns3
0,481,396926,3.9960562087139007,Ns3
0,472,191960,8.703150951737982,Ns3
0,458,439099,4.296664032984842,Ns3
0,493,302492,4.615642981138699,Ns3
0,550,345952,1.4624675914697673,Ns3
0,540,92966,8.145744575448331,Ns3
0,533,162757,5.268635492002844,Ns3
0,548,588267,1.1211597453174758,Ns3
0,568,46326,2.4624118165784834,Ns3
0,507,300454,4.3978746878810755,Ns3
0,580,2315,3.666527893422148,Ns3
0,555,201192,2.22804388016353,Ns3
0,554,364910,1.3156955118651097,Ns3
0,525,772083,1.3941016621581281,Ns3
0,459,939277,2.271737603151476,Ns3
0,553,217047,2.9062237834151516,Ns3
0,583,15266,4.615851322007919,Ns3
0,549,68081,10.58072715381414,Ns3
0,558,253268,2.2398142293960133,Ns3
0,482,566889,3.499500936398163,Ns3
0,515,103740,12.951122429326542,Ns3
0,564,387118,1.4393722729439373,Ns3
0,291,425923,12.884668606108152,Ns3
0,588,28860,3.903432777488275,Ns3
0,570,81526,5.806404023941327,Ns3
0,582,164807,1.8985335537377708,Ns3
0,563,252403,2.7086260460690195,Ns3
0,571,113587,4.408681118812368,Ns3
0,586,226224,1.1409923977489438,Ns3
0,552,236208,4.243812559135502,Ns3
0,600,1551,1.1213288396726047,Ns3
0,587,63629,4.351236359104908,Ns3
0,594,53344,3.546096837044995,Ns3
0,565,238161,3.1622243736663243,Ns3
0,598,82132,2.6061202002873203,Ns3
0,477,861608,2.8784019423904645,Ns3
0,599,12884,8.420037158782335,Ns3
0,538,165194,8.955046319558956,Ns3
0,609,146699,1.2454465229800529,Ns3
0,611,13138,11.544884726224783,Ns3
0,605,40478,6.135379846647452,Ns3
0,566,77195,12.40380117824684,Ns3
0,496,466756,4.945614890963225,Ns3
0,557,586009,2.0869074057953116,Ns3
0,593,335215,1.7259160329553382,Ns3
0,551,360854,4.179198161306508,Ns3
0,589,149594,4.679993448402268,Ns3
0,623,75015,1.0084882411999148,Ns3
0,597,142750,4.041013456136913,Ns3
0,535,467573,3.9503851221242527,Ns3
0,574,248747,4.21776930103125,Ns3
0,606,101404,4.403804774753236,Ns3
0,602,233479,2.1140277966682284,Ns3
0,476,399219,7.126672653395097,Ns3
0,626,11469,2.7456091105942737,Ns3
0,576,384206,2.7794798542015564,Ns3
0,343,291040,17.694815007201377,Ns3
0,601,256987,2.1272130636638207,Ns3
0,612,48914,8.360657981793707,Ns3
0,619,39486,7.523326712550233,Ns3
0,628,6163,1.3406771222305203,Ns3
0,464,435885,7.030110237589442,Ns3
0,547,163933,10.651088320876362,Ns3
0,591,137434,5.877613902469085,Ns3
0,569,721533,1.714485596707819,Ns3
0,424,912162,4.160058962986519,Ns3
0,413,732080,5.6786743375581645,Ns3
0,634,10800,1.233860121049092,Ns3
0,378,569405,8.457004053980858,Ns3
0,620,199255,2.69864933290941,Ns3
0,138,766181,11.952078618078211,Ns3
0,334,544294,10.659015514597876,Ns3
0,518,952204,2.542506071939212,Ns3
0,513,447046,5.691071210973303,Ns3
0,640,5065,3.615060410227592,Ns3
0,642,2019,5.095467484125247,Ns3
0,412,3177785,1.3820825033854371,Ns3
0,638,80212,2.161931939787401,Ns3
0,650,12999,1.560847716845095,Ns3
0,624,102452,5.377148783154667,Ns3
0,639,34868,7.0851475266670825,Ns3
0,494,176430,16.487871694293307,Ns3
0,647,146363,1.1055898146820275,Ns3
0,636,185696,1.8034883864362456,Ns3
0,201,377107,21.932203078111446,Ns3
0,484,772610,4.2981562014508174,Ns3
0,572,505245,3.483770544876156,Ns3
0,581,407082,4.08933829834858,Ns3
0,520,322054,8.670759472786933,Ns3
0,512,550391,5.378938908138112,Ns3
0,661,50738,1.9669355905303532,Ns3
0,596,326618,4.386790474330882,Ns3
0,536,354037,7.485850772974759,Ns3
0,653,31098,6.018989086098556,Ns3
0,656,21029,9.47353271210421,Ns3
0,652,27169,8.372639364636697,Ns3
0,604,168500,7.493877631891792,Ns3
0,637,136788,4.246003370958681,Ns3
0,614,230918,5.454856124267889,Ns3
0,644,175596,3.15270663599273,Ns3
0,592,944322,1.776334825391429,Ns3
0,669,6982,1.7475843151923196,Ns3
0,663,255685,1.502445719760126,Ns3
0,578,296296,7.083938525242873,Ns3
0,666,170637,1.3897631046659125,Ns3
0,509,1005701,3.385346477047773,Ns3
0,621,267365,5.157566302652106,Ns3
0,577,777984,2.8328240089555567,Ns3
0,671,90319,1.6534098865705082,Ns3
0,562,292330,8.45564823944782,Ns3
0,676,24075,4.13837748839994,Ns3
0,629,183949,6.136818846668534,Ns3
0,677,61222,1.960421627808237,Ns3
0,659,146854,4.519828127109692,Ns3
0,641,315072,3.071366751216734,Ns3
0,590,667578,3.058973757033812,Ns3
0,407,677006,7.783650645951607,Ns3
0,579,420506,5.471317982209211,Ns3
0,655,397162,1.7952045184410663,Ns3
0,687,6881,4.451440520446097,Ns3
0,674,216576,1.2036898407325436,Ns3
0,648,266567,3.3983610107984106,Ns3
0,575,598717,4.1352212662984345,Ns3
0,616,292862,6.043439431286393,Ns3
0,397,285655,19.79004985644921,Ns3
0,633,319347,4.004773084388575,Ns3
0,618,403767,4.472970636248802,Ns3
0,327,422822,16.587436663456977,Ns3
0,617,296386,6.198927684371418,Ns3
0,573,314533,8.084132390507571,Ns3
0,690,53700,2.929386616426941,Ns3
0,667,111835,5.178525110237635,Ns3
0,679,99616,3.97795667786401,Ns3
0,692,88782,1.4652728331930869,Ns3
0,668,582919,1.1516871655740475,Ns3
0,693,42656,2.7096072131827134,Ns3
0,680,398588,1.1203431590821384,Ns3
0,524,234471,14.98046890118822,Ns3
0,698,37051,2.0539178114497965,Ns3
0,556,340200,8.802900700285804,Ns3
0,608,545642,3.927976370302913,Ns3
0,453,395509,12.109110869805829,Ns3
0,500,328071,12.441368946111869,Ns3
0,489,558944,7.670648402601675,Ns3
0,560,239787,12.700589340831359,Ns3
0,702,47415,1.9304127341879138,Ns3
0,662,107233,9.649415494780433,Ns3
0,486,455446,9.35179419915585,Ns3
0,684,462642,1.3265641603400375,Ns3
0,686,291383,2.084079501295337,Ns3
0,696,133231,2.291134708419931,Ns3
0,707,102698,1.1573163873580026,Ns3
0,567,603089,5.110767892873937,Ns3
0,654,421761,3.1752065518754966,Ns3
0,710,48770,2.238699789550737,Ns3
0,455,854767,5.879535445760984,Ns3
0,706,87077,2.157298630064739,Ns3
0,584,532640,5.269268173017111,Ns3
0,678,568240,1.4851080884747376,Ns3
0,657,236820,6.009602583209141,Ns3
0,694,107689,4.834606253961093,Ns3
0,697,183099,2.409596666279688,Ns3
0,532,1135380,3.5229956722658256,Ns3
0,528,723719,5.602020268329709,Ns3
0,632,364414,5.3616057669535655,Ns3
0,722,4275,2.3534429280397022,Ns3
0,452,1135019,4.614037846127077,Ns3
0,713,138261,1.8912809109898254,Ns3
0,704,347484,1.2178344425588932,Ns3
0,715,30489,7.573044914752361,Ns3
0,651,298590,5.515454842880957,Ns3
0,506,903869,5.1109504988260985,Ns3
0,158,1143098,9.577204336440506,Ns3
0,723,50007,2.560594895156428,Ns3
0,714,326632,1.1063206650058395,Ns3
0,700,318263,2.053103090106466,Ns3
0,603,524910,5.278907922912206,Ns3
0,699,117457,5.600316301934968,Ns3
0,733,15922,1.0478897608601618,Ns3
0,735,424,1.0050835148874364,Ns3
0,546,275327,14.655934553638788,Ns3
0,688,270989,4.529989953333015,Ns3
0,681,82185,15.58175355450237,Ns3
0,742,1841,3.183766529867761,Ns3
0,724,181200,1.9717155525679642,Ns3
0,703,555998,1.5662294886126067,Ns3
0,736,138218,1.360860700625137,Ns3
0,731,298507,1.1289974506432678,Ns3
0,673,188279,8.437018730974895,Ns3
0,744,61384,1.5756984217601886,Ns3
0,530,361151,12.64663157825828,Ns3
0,716,338144,2.182395584048072,Ns3
0,747,7849,3.196794395499416,Ns3
0,695,174174,6.265004622859879,Ns3
0,527,270105,16.63464822548738,Ns3
0,732,142289,2.6706922459234055,Ns3
0,705,867594,1.1543875368716408,Ns3
0,672,125346,12.62967011990907,Ns3
0,712,66118,11.619289958860277,Ns3
0,730,130527,3.5343870559619375,Ns3
0,749,27188,1.0068220801496959,Ns3
0,523,831953,5.814609951772531,Ns3
0,719,406387,2.039008424258837,Ns3
0,741,131853,2.2645320110115055,Ns3
0,511,309406,16.102076484077568,Ns3
0,517,905041,5.592185977107519,Ns3
0,720,375826,2.4301133467176026,Ns3
0,721,656848,1.3281274286891676,Ns3
0,701,190520,6.524443083878868,Ns3
0,740,109651,3.7604368694289354,Ns3
0,745,59636,6.877389921629501,Ns3
0,559,277088,15.195211695211695,Ns3
0,709,1016200,1.243156953527674,Ns3
0,595,686871,5.466122674780444,Ns3
0,111,730670,16.916361983216174,Ns3
0,754,129656,2.259286828935804,Ns3
0,773,1599,1.0045313617934652,Ns3
0,771,43270,1.040024536114093,Ns3
0,497,299530,18.083640233678132,Ns3
0,755,135090,2.3591550509140404,Ns3
0,761,99311,2.6373510210719515,Ns3
0,31,1387188,9.93729939182252,Ns3
0,764,21625,7.040104497634682,Ns3
0,610,1055786,3.391871734148721,Ns3
0,725,264333,3.6907841371994974,Ns3
0,765,52557,5.182676930294049,Ns3
0,768,102702,1.6857736456656105,Ns3
0,781,14846,1.3848468987176132,Ns3
0,495,272539,20.251338041450996,Ns3
0,645,216011,12.54176863064985,Ns3
0,278,1394125,7.013086215467168,Ns3
0,718,709789,1.7817481498337653,Ns3
0,526,184361,26.793240158340822,Ns3
0,787,5815,1.3832599118942732,Ns3
0,777,47154,2.828217529786481,Ns3
0,630,586282,5.453458229876824,Ns3
0,646,380534,7.64709410927355,Ns3
0,683,176368,11.877776155265568,Ns3
0,763,199644,2.41376878456448,Ns3
0,759,223754,2.4025593687564806,Ns3
0,622,360593,9.893037388324165,Ns3
0,782,82892,2.4393210891698156,Ns3
0,767,234675,2.065445997152996,Ns3
0,776,70811,4.613614434581243,Ns3
0,775,217262,1.7803937684866247,Ns3
0,711,283135,6.124915673487744,Ns3
0,791,164279,1.5397456788893553,Ns3
0,746,702946,1.4141437520695783,Ns3
0,658,360279,8.326987729166328,Ns3
0,804,60863,2.3951825576644503,Ns3
0,760,163779,4.904035176632665,Ns3
0,790,109178,2.959781687155574,Ns3
0,815,7696,1.3591094859109485,Ns3
0,748,570824,1.7468884755660388,Ns3
0,689,302104,8.072341672037027,Ns3
0,802,48860,4.880560884260528,Ns3
0,492,693271,9.01104336666088,Ns3
0,613,718361,5.709368899172424,Ns3
0,809,92316,2.043266354208217,Ns3
0,795,121153,3.460151729951339,Ns3
0,758,135614,7.195824785187601,Ns3
0,786,40498,13.225688971027886,Ns3
0,779,76368,7.526168979921843,Ns3
0,811,57994,3.805762982870945,Ns3
0,483,340475,18.747482472050027,Ns3
0,792,122353,4.19284862932062,Ns3
0,820,116596,1.2593178202068416,Ns3
0,498,580180,11.073800760642866,Ns3
0,728,408281,4.120192809358732,Ns3
0,752,379602,3.1441680656737567,Ns3
0,803,201908,2.4953557312252963,Ns3
0,356,675164,13.432536644392709,Ns3
0,829,82106,1.3132010714883644,Ns3
0,819,78357,3.653910610656362,Ns3
0,818,103403,3.14849551444392,Ns3
0,660,677464,5.175546336752703,Ns3
0,799,526175,1.4345747221746536,Ns3
0,780,520615,1.8836785629702502,Ns3
0,519,604552,10.234818244614674,Ns3
0,778,358001,2.888705097728473,Ns3
0,649,789497,4.7111000686991025,Ns3
0,734,290013,6.593588479938457,Ns3
0,788,124419,8.043473390401688,Ns3
0,836,96649,2.3707644048996337,Ns3
0,664,919684,3.9943106089497054,Ns3
0,785,895955,1.2654123266768393,Ns3
0,848,22969,2.6046401032643773,Ns3
0,756,264155,6.3681008955010885,Ns3
0,729,557925,4.04377718535148,Ns3
0,726,917941,2.5343899452143086,Ns3
0,823,82342,8.170583733388993,Ns3
0,797,182187,6.34885335699269,Ns3
0,750,252988,6.917081469346607,Ns3
0,821,104658,7.662698500342337,Ns3
0,843,70626,5.9754819782062025,Ns3
0,845,272854,1.5502537851789455,Ns3
0,796,226212,5.731314275618007,Ns3
0,126,1209774,11.433140614693727,Ns3
0,866,22404,1.5315923272475156,Ns3
0,793,405644,3.4545380286538636,Ns3
0,363,360199,26.284839700250657,Ns3
0,585,1087522,5.245651110972556,Ns3
0,878,2800,2.9532025259359496,Ns3
0,863,88388,2.541518263356298,Ns3
0,826,139300,7.085302429806519,Ns3
0,847,255106,2.1517888233140776,Ns3
0,871,39206,3.1368624377134537,Ns3
0,840,306028,2.704148446357095,Ns3
0,857,205448,2.0773322515769266,Ns3
0,805,557202,2.782181041840942,Ns3
0,864,74123,5.288246699289077,Ns3
0,837,447888,2.132550796991845,Ns3
0,853,101035,6.3482556944095405,Ns3
0,858,123971,4.058096773609174,Ns3
0,855,129979,4.983223127924768,Ns3
0,607,343373,15.970962545308096,Ns3
0,897,17357,2.7969207789969555,Ns3
0,887,38023,4.239248085669872,Ns3
0,892,33081,3.8397071321174088,Ns3
0,849,419293,2.146488741841505,Ns3
0,869,250776,1.9350769827204253,Ns3
0,844,240092,4.19524550541337,Ns3
0,828,154628,8.5436683530922,Ns3
0,899,28752,3.74035856130062,Ns3
0,154,847090,16.498297425585278,Ns3
0,318,862197,12.756994627023737,Ns3
0,841,529325,2.204621918385084,Ns3
0,539,676049,10.667100454335506,Ns3
0,738,202932,14.39291022978999,Ns3
0,886,64789,5.094576383905913,Ns3
0,769,316653,7.365927130152051,Ns3
0,801,873002,2.279991449395535,Ns3
0,830,1011180,1.339222664712704,Ns3
0,870,173291,3.542468185853803,Ns3
0,854,236033,4.202905267354363,Ns3
0,794,459990,4.591396049548042,Ns3
0,812,490288,3.7869797885557106,Ns3
0,908,17608,4.395161290322581,Ns3
0,902,34784,6.606188466947961,Ns3
0,889,69317,6.375613197486506,Ns3
0,890,235008,1.9693161571877564,Ns3
0,832,306018,4.783158130172221,Ns3
0,861,126899,6.768841978804651,Ns3
0,873,140741,5.335712156836772,Ns3
0,882,254908,2.3280650854223066,Ns3
0,885,368101,1.6295272049849039,Ns3
0,901,48558,7.647388928889077,Ns3
0,478,452381,18.372157777389624,Ns3
0,907,55996,4.154234814177177,Ns3
0,895,184346,3.2192838621110433,Ns3
0,884,68465,10.354794793465267,Ns3
0,717,857160,4.5510198704882345,Ns3
0,922,123736,1.885768458202707,Ns3
0,914,160660,2.246632335399028,Ns3
0,833,494580,3.6862036078521587,Ns3
0,774,1106558,2.533989141536311,Ns3
0,834,439797,4.1662327171879,Ns3
0,770,722378,4.047297497262477,Ns3
0,783,1176917,2.370641099912344,Ns3
0,924,36717,5.585804801142279,Ns3
0,862,76971,17.003994653994653,Ns3
0,939,451,8.22301644031451,Ns3
0,875,288041,4.420745787137874,Ns3
0,928,238936,1.1586512892233143,Ns3
0,850,463062,3.576797239325794,Ns3
0,921,92302,5.3485719272437136,Ns3
0,911,235093,2.8610116069641784,Ns3
0,762,617700,5.280276743480082,Ns3
0,867,431965,3.2796291930947903,Ns3
0,944,8780,1.1807134457075656,Ns3
0,920,182046,3.235839102349641,Ns3
0,865,206159,7.114697139542796,Ns3
0,825,861815,2.7007898759746514,Ns3
0,900,126993,7.875533141737905,Ns3
0,877,384727,3.5924937086779654,Ns3
0,813,676626,3.939074937177993,Ns3
0,929,40645,10.937608365843086,Ns3
0,933,104235,3.2334986880944574,Ns3
0,949,62209,1.877488681612393,Ns3
0,274,1285611,10.053598652378842,Ns3
0,950,68266,1.796843787455054,Ns3
0,912,353636,2.4769597129342684,Ns3
0,951,34614,3.48965755359553,Ns3
0,923,240262,2.8783379447124213,Ns3
0,798,805076,3.733512809840508,Ns3
0,925,218952,2.7854133457849626,Ns3
0,800,174451,17.0208255058773,Ns3
0,960,5996,1.0115746629356397,Ns3
0,941,20709,13.851309211503242,Ns3
0,938,43699,8.973693359601345,Ns3
0,766,449517,7.927308846505476,Ns3
0,961,16020,3.637484662576687,Ns3
0,888,466105,3.1152037776896724,Ns3
0,968,4675,3.2532505910165486,Ns3
0,943,31928,10.8451817813218,Ns3
0,814,167553,17.218763960241233,Ns3
0,685,357885,14.911883831771481,Ns3
0,959,88560,4.069600871957233,Ns3
0,965,122087,2.75041119593843,Ns3
0,969,143678,1.9620533541037875,Ns3
0,940,84300,7.762589661142716,Ns3
0,670,1348758,4.399197427248642,Ns3
0,743,782909,5.593160919627451,Ns3
0,954,50308,11.112880436857983,Ns3
0,893,179650,10.18601285544792,Ns3
0,675,361429,15.979102364800445,Ns3
0,980,127999,2.0247772499795644,Ns3
0,904,978650,1.7996986487800135,Ns3
0,708,368180,14.512279867952884,Ns3
0,993,165547,1.8953264163070425,Ns3
0,859,678948,3.8200938093522536,Ns3
0,817,620689,5.65565109648997,Ns3
0,994,155029,2.1184510765198925,Ns3
0,1010,18565,2.5492613512926354,Ns3
0,937,436250,3.091251316346582,Ns3
0,918,199099,9.069291821090403,Ns3
0,1009,39945,3.550366249931156,Ns3
0,995,169154,2.6189740857873054,Ns3
0,977,426336,1.7786339453311564,Ns3
0,992,230244,2.4681963730331797,Ns3
0,990,177600,3.5032508771709194,Ns3
0,903,670589,3.38896295548745,Ns3
0,1023,12902,1.1615029663810152,Ns3
0,1019,9691,5.816134913400182,Ns3
0,1013,96217,2.6062373498449047,Ns3
0,1021,9401,3.8991708126036486,Ns3
0,366,521243,23.504969053376158,Ns3
0,543,762257,12.250329358432886,Ns3
0,955,149037,8.606391403133534,Ns3
0,203,733895,20.988851561167586,Ns3
0,737,651784,8.093679706979989,Ns3
0,932,90647,18.882341745651097,Ns3
0,1026,15555,7.453996224040277,Ns3
0,876,1050992,2.7999375261015267,Ns3
0,898,1217254,2.1552538064863014,Ns3
0,1029,110739,1.314061078758351,Ns3
0,975,477953,2.5321521008320027,Ns3
0,739,681544,7.801546768591928,Ns3
0,1014,153288,3.290024367956138,Ns3
0,842,1063657,3.4932179222652775,Ns3
0,1022,124346,3.1075805125906,Ns3
0,1030,77024,2.672653920885184,Ns3
0,1050,13979,1.6128633271490413,Ns3
0,1016,162186,3.319887591872028,Ns3
0,831,183434,20.315874555447785,Ns3
0,1036,56965,4.111224278414584,Ns3
0,881,589938,5.123394640875218,Ns3
0,1042,155761,1.6319897431283459,Ns3
0,1055,8573,3.094767107533065,Ns3
0,852,407763,9.00117834173071,Ns3
0,934,113512,18.786729809448964,Ns3
0,1027,39519,13.334751063297473,Ns3
0,816,249224,18.004813028712856,Ns3
0,727,773739,7.794845533373974,Ns3
0,1005,117717,9.004000197054042,Ns3
0,991,157016,8.734644514336487,Ns3
0,919,219846,12.180125819134993,Ns3
0,1044,232071,2.1038267426069686,Ns3
0,806,1336312,3.6124799923042183,Ns3
0,810,462191,10.170943990250343,Ns3
0,1015,91193,9.866725326647703,Ns3
0,1045,47437,10.13254793363216,Ns3
0,913,149232,18.242380336351875,Ns3
0,982,231753,7.176660441701851,Ns3
0,1068,1461,4.832691971313626,Ns3
0,972,161127,11.047057660114007,Ns3
0,964,85612,21.18942731277533,Ns3
0,1002,761533,1.8170556300895448,Ns3
0,973,276902,6.757378104913783,Ns3
0,1008,593289,2.199967602656582,Ns3
0,1063,121760,1.901651379645697,Ns3
0,953,253648,9.097271224838446,Ns3
0,753,816029,7.1374822158504285,Ns3
0,1047,56654,11.811810757645002,Ns3
0,976,238422,8.258333045490657,Ns3
0,1038,399886,2.2048522545021987,Ns3
0,1053,410778,1.6854338217922196,Ns3
0,537,370413,27.787229662713884,Ns3
0,1012,153582,8.864705577863065,Ns3
0,985,238924,8.02358427846094,Ns3
0,883,731876,5.113744291199927,Ns3
0,856,437279,9.50514905585003,Ns3
0,989,360701,5.321543281899343,Ns3
0,1003,672008,2.4404771579702413,Ns3
0,1004,123880,12.91716203799201,Ns3
0,1082,32870,2.0303738317757007,Ns3
0,1052,380530,2.4568783197403765,Ns3
0,1032,643572,1.9346123980249628,Ns3
0,1079,29383,7.037912967544753,Ns3
0,1061,54452,11.942193074717977,Ns3
0,1094,1022,2.4939694451889576,Ns3
0,1043,295357,4.325724624657009,Ns3
0,1097,8070,8.420610211706101,Ns3
0,1041,672909,1.9620566080682642,Ns3
0,984,433708,5.421272420615614,Ns3
0,1076,85030,5.881883178200459,Ns3
0,1091,91761,2.5223596097414163,Ns3
0,1049,383420,3.4102342626925712,Ns3
0,1056,258377,4.4697991166053574,Ns3
0,978,375869,6.741200235352604,Ns3
0,1077,69527,7.711644496801322,Ns3
0,835,773353,6.692253990174272,Ns3
0,958,277544,10.522118443575138,Ns3
0,1099,45596,5.468416111582994,Ns3
0,1046,240491,6.015117597052989,Ns3
0,1114,13617,2.9000911449204234,Ns3
0,1096,190991,2.1019964638279065,Ns3
0,1116,7482,6.5617398926262736,Ns3
0,1072,194208,4.512535172147282,Ns3
0,1118,49204,1.4401487494614635,Ns3
0,971,113211,24.155816751138897,Ns3
0,952,1058492,3.081202598573055,Ns3
0,909,652209,6.260038331400989,Ns3
0,1104,65514,4.891441730006752,Ns3
0,880,543690,8.363661936477849,Ns3
0,1066,99174,11.110514985555419,Ns3
0,1100,280152,1.5929421765129168,Ns3
0,1020,686825,3.0232207937704443,Ns3
0,942,198114,16.760133745154057,Ns3
0,1064,298313,4.111236654599119,Ns3
0,1128,44325,1.1874625074985004,Ns3
0,926,385473,9.955840114887506,Ns3
0,1083,147023,5.569122044452665,Ns3
0,1025,88280,22.175894187779434,Ns3
0,1007,263336,9.304494090490207,Ns3
0,435,1162531,11.281476488989856,Ns3
0,970,235321,13.278298727394509,Ns3
0,1006,273228,9.234691500741917,Ns3
0,1134,12209,4.543347513569018,Ns3
0,255,737217,22.6217038718244,Ns3
0,625,891731,11.031932309316668,Ns3
0,1081,162237,5.965691338345659,Ns3
0,948,746769,4.847454580450783,Ns3
0,979,747697,4.138754847218822,Ns3
0,1031,564171,3.899841057597699,Ns3
0,1117,74195,6.92472787651436,Ns3
0,1060,113254,14.439817050931996,Ns3
0,967,609370,5.6574192719185845,Ns3
0,998,343912,8.59979590364178,Ns3
0,999,808794,3.6899906702026843,Ns3
0,1124,60829,6.191561360775531,Ns3
0,1057,326991,5.787409339151039,Ns3
0,1018,486002,5.247790415584732,Ns3
0,1108,136927,5.328109367121029,Ns3
0,1131,278476,1.4401532469731606,Ns3
0,988,195172,16.337026733083768,Ns3
0,1146,56559,1.8463314162902231,Ns3
0,1000,549636,5.518027990316024,Ns3
0,1152,38553,1.9402764347875547,Ns3
0,1125,400554,1.3099648764175718,Ns3
0,1135,162534,2.171502743439835,Ns3
0,1062,210308,8.589993411575527,Ns3
0,910,1826634,2.6170793527003315,Ns3
0,1167,5667,1.0435583629424925,Ns3
0,1069,223840,8.174308854290102,Ns3
0,1059,419260,5.078101443792595,Ns3
0,1095,631964,2.2024623186364276,Ns3
0,1157,188159,1.902526985867067,Ns3
0,1143,47964,9.983198940348105,Ns3
0,1173,22962,2.2079163081382185,Ns3
0,1168,21541,6.023199081603368,Ns3
0,1155,258388,1.5635534892201104,Ns3
0,1107,199920,6.111349149518119,Ns3
0,665,879947,11.09822421258114,Ns3
0,1039,203243,12.518051801302787,Ns3
0,1122,611565,1.5739755426451354,Ns3
0,1080,285875,6.082448454246182,Ns3
0,1048,528972,4.935151540963469,Ns3
0,1181,15926,3.2561390092616196,Ns3
0,1166,60360,5.768056283212334,Ns3
0,1112,470136,2.5919202507786436,Ns3
0,1136,271951,2.916800298178855,Ns3
0,1149,200971,2.9928656361474437,Ns3
0,1147,148562,4.578269165835617,Ns3
0,1160,109421,4.99099985193646,Ns3
0,1145,189386,4.012440736293527,Ns3
0,1001,219286,15.762624670260953,Ns3
0,1119,210831,5.948301024955437,Ns3
0,1105,65871,22.271424141139175,Ns3
0,1171,165654,2.3748032385348945,Ns3
0,1159,54846,11.62849356610114,Ns3
0,872,346976,16.901934203444565,Ns3
0,1170,173759,2.623628390712462,Ns3
0,1126,93142,12.553921629203069,Ns3
0,1196,7126,2.9737615923999097,Ns3
0,894,551289,10.168514412416851,Ns3
0,931,885009,5.494256282710327,Ns3
0,1129,194746,6.212841174628411,Ns3
0,1051,1376515,2.169346302586702,Ns3
0,1138,385118,3.035107493857494,Ns3
0,1189,127362,2.4910530974258833,Ns3
0,1195,101579,2.5211703058753994,Ns3
0,983,547964,7.719867986231746,Ns3
0,1071,296264,8.44044040058136,Ns3
0,1017,290138,12.484195507426648,Ns3
0,1201,116575,2.555925763844685,Ns3
0,997,501522,8.312432792681227,Ns3
0,772,3457136,2.349028776358213,Ns3
0,1156,580746,2.0201792805896486,Ns3
0,1075,354429,7.164548227183512,Ns3
0,1144,303595,4.352860463489152,Ns3
0,1169,291611,3.3293881612477856,Ns3
0,1184,403802,1.7617596291075548,Ns3
0,1040,441801,7.896042468480425,Ns3
0,905,501507,11.67981118356405,Ns3
0,1074,1249666,2.1768777319607264,Ns3
0,1209,73441,5.333044449014366,Ns3
0,1225,7689,5.669209972964854,Ns3
0,1226,20652,3.5270129483554102,Ns3
0,1120,99085,18.3080864459378,Ns3
0,874,1106278,6.016733589554438,Ns3
0,1101,235739,9.896042102580939,Ns3
0,1218,92578,3.2309595444712436,Ns3
0,1113,278080,8.095500712154097,Ns3
0,1232,81441,2.483686327454786,Ns3
0,1151,323502,4.958740796711821,Ns3
0,1174,148662,7.906663402111573,Ns3
0,1182,994346,1.1912515368533854,Ns3
0,1111,274012,8.24846465901463,Ns3
0,1161,762862,2.034336207661796,Ns3
0,1194,584136,1.6010487919801129,Ns3
0,1191,255715,4.117510523261704,Ns3
0,1190,257699,4.1085644032705515,Ns3
0,1213,47078,13.41257915130895,Ns3
0,1163,405590,4.025039534571597,Ns3
0,1231,152623,2.4222332695984705,Ns3
0,1179,490897,2.93292822774756,Ns3
0,1228,370146,1.2763502549097274,Ns3
0,682,457979,22.761234792894,Ns3
0,1211,95794,8.286197230543424,Ns3
0,1085,367817,8.095313438241657,Ns3
0,1250,2350,1.1941225165562914,Ns3
0,1137,302004,6.9498505596686915,Ns3
0,986,528120,9.608585386273358,Ns3
0,1162,105238,16.746760235459497,Ns3
0,1172,328736,4.827419447558277,Ns3
0,1177,87053,17.400585566575227,Ns3
0,1070,1282353,2.7656323957701066,Ns3
0,1241,68108,3.852333767057018,Ns3
0,1198,126671,8.746613723872388,Ns3
0,1221,441780,1.6706892761983392,Ns3
0,1254,90500,1.0695842228321644,Ns3
0,1109,290623,9.504630794581036,Ns3
0,1263,1647,12.502008981328292,Ns3
0,1251,152970,1.6300332753304638,Ns3
0,1247,27375,9.220401655471877,Ns3
0,1258,95815,2.178330005532969,Ns3
0,916,389738,17.13572703431194,Ns3
0,1035,269499,16.44569721955649,Ns3
0,1098,440744,7.087845118998374,Ns3
0,1215,87404,12.096109373689444,Ns3
0,1271,57720,1.9562848998399,Ns3
0,947,477917,12.80753715893736,Ns3
0,1186,231843,7.144882572060317,Ns3
0,1268,110643,2.1710369362770745,Ns3
0,860,708203,10.888766494283528,Ns3
0,1192,99106,16.90881264402598,Ns3
0,1235,717216,1.3520932481528216,Ns3
0,1269,37239,6.947465735332962,Ns3
0,1207,276761,5.616525820796347,Ns3
0,1279,98828,1.0890126310382666,Ns3
0,1259,51037,9.475385053567907,Ns3
0,1284,49873,2.268796487140425,Ns3
0,1084,137797,24.815852503759817,Ns3
0,1110,185571,17.647560652176658,Ns3
0,1277,138315,2.3685717172397536,Ns3
0,1033,440725,11.025063410859378,Ns3
0,1202,254369,7.114446146938057,Ns3
0,1296,3559,2.1469567959634186,Ns3
0,1239,151097,6.766933609285587,Ns3
0,751,504692,19.322409052184895,Ns3
0,1293,66640,1.7013724106971078,Ns3
0,1262,161866,4.060691323982499,Ns3
0,1148,134002,18.900939430791457,Ns3
0,1267,146637,4.12215567909777,Ns3
0,1188,122375,16.989299131028726,Ns3
0,1193,354888,5.823433409495133,Ns3
0,1158,468918,5.8839674173938965,Ns3
0,1249,507986,1.9588966933470235,Ns3
0,1236,200701,7.001145957576183,Ns3
0,1199,320451,6.577575444487494,Ns3
0,1244,171406,7.06830809976928,Ns3
0,1238,694608,1.9655961185364503,Ns3
0,1178,367211,7.092816896873692,Ns3
0,1204,397328,5.5777103482776695,Ns3
0,1304,164521,2.0015064949830874,Ns3
0,1133,186700,17.565224174347158,Ns3
0,1315,12277,7.035125066524747,Ns3
0,1319,14556,2.571485516874834,Ns3
0,962,827794,8.112431931110622,Ns3
0,1298,78867,6.314354969769588,Ns3
0,1314,17180,7.317560523572339,Ns3
0,1302,106782,4.055648821063804,Ns3
0,808,570634,16.995183382774513,Ns3
0,1240,318409,4.94690511593069,Ns3
0,1270,502408,2.2376108219817965,Ns3
0,1200,574259,4.323824869085613,Ns3
0,917,455999,16.691596336635936,Ns3
0,1303,380984,1.5558718794919637,Ns3
0,1307,46535,10.130820593920225,Ns3
0,1139,246643,14.048073766263004,Ns3
0,1257,1004101,1.4276579163054242,Ns3
0,1234,302395,6.434049510668519,Ns3
0,1281,92615,10.921467985683039,Ns3
0,1086,416294,10.92192915367097,Ns3
0,1324,3694,1.576551294044278,Ns3
0,1288,163513,5.380590506148127,Ns3
0,1216,1159858,2.0368617691351285,Ns3
0,838,1338878,6.992359680020483,Ns3
0,1205,445830,5.88544029751627,Ns3
0,635,574523,22.65551257174703,Ns3
0,1233,258705,7.7511821601289626,Ns3
0,981,405243,16.684310576417683,Ns3
0,1325,85107,1.453316439999461,Ns3
0,1316,408334,1.2543218749909433,Ns3
0,1309,56488,10.875244053074072,Ns3
0,1283,501337,2.4439800181094746,Ns3
0,1326,13120,9.423049185056973,Ns3
0,1322,22615,7.903484702977089,Ns3
0,1295,442696,2.4582080529013344,Ns3
0,1102,460668,9.934217902234565,Ns3
0,1141,526071,7.309862075182547,Ns3
0,1243,423675,4.699659259996792,Ns3
0,1292,352114,3.4271353916688763,Ns3
0,631,1136248,12.050080520019016,Ns3
0,1230,181203,13.12716202590553,Ns3
0,1328,93654,2.0529920204591003,Ns3
0,1078,400860,12.653596604125585,Ns3
0,1274,71124,21.603812847149968,Ns3
0,1264,458396,3.9403566162919277,Ns3
0,1338,17818,1.241111611161116,Ns3
0,1278,165367,9.684839400731057,Ns3
0,1289,266409,5.217791261813888,Ns3
0,1341,15309,1.3353087363792775,Ns3
0,1291,64747,20.961141756413625,Ns3
0,1224,194081,13.061175259163273,Ns3
0,1335,51453,4.258330433269532,Ns3
0,1320,526362,1.5278937184792083,Ns3
0,1339,113419,1.411388590981053,Ns3
0,1317,111100,9.149644695438347,Ns3
0,1248,112892,19.34681102160193,Ns3
0,1123,651526,7.021301522864837,Ns3
0,1323,203491,3.5553171609509637,Ns3
0,1299,281993,5.050374663388362,Ns3
0,1185,545936,6.4137173767806726,Ns3
0,1312,54286,17.80099806131974,Ns3
0,1275,469989,4.14515401233712,Ns3
0,1229,109343,23.669651624052474,Ns3
0,1349,437,2.0996037463976944,Ns3
0,1142,439480,9.99627366344957,Ns3
0,1344,176863,1.470500615673865,Ns3
0,1347,51380,3.2576497090294727,Ns3
0,1103,407288,12.697796450611904,Ns3
0,1345,28313,8.742534787514103,Ns3
0,1223,787697,3.88074920920326,Ns3
0,1305,211612,7.029690457781214,Ns3
0,1285,175907,10.923288364137344,Ns3
0,1210,222350,15.226611061778511,Ns3
0,1286,815923,2.2929707071530943,Ns3
0,1300,1135233,1.5303932541878364,Ns3
0,1261,463815,5.17087131007748,Ns3
0,1331,670998,1.293514458517803,Ns3
0,1352,64015,3.021302193913659,Ns3
0,1327,71808,13.717676927959378,Ns3
0,1329,421176,2.343426621774298,Ns3
0,1348,303898,1.257013374341768,Ns3
0,896,286011,31.995066105384467,Ns3
0,1355,197402,1.3835384441684544,Ns3
0,1334,114455,7.73623091564411,Ns3
0,1245,1104948,2.6269215944254114,Ns3
0,1140,393337,12.15189229996481,Ns3
0,974,299215,26.019037254466166,Ns3
0,1313,699423,2.5777926435033005,Ns3
0,1301,174362,11.777059546104432,Ns3
0,1351,228126,2.3892496392496394,Ns3
0,1363,198763,1.813830352399504,Ns3
0,1260,159863,17.862405707268582,Ns3
0,1255,199403,14.887002824193928,Ns3
0,1058,750495,8.974957911140875,Ns3
0,1333,614113,2.0284774047435934,Ns3
0,1367,30125,9.169025600541334,Ns3
0,1106,374286,15.322256646012393,Ns3
0,1212,782560,5.085758532734118,Ns3
0,1092,995820,6.114563702764223,Ns3
0,1365,157375,2.9350388149203663,Ns3
0,1287,540904,4.6959126894516565,Ns3
0,1359,126103,4.771461923686978,Ns3
0,1028,666140,11.036976117428507,Ns3
0,1378,146061,1.07156427613513,Ns3
0,1369,321657,1.6937433691019423,Ns3
0,1011,507676,15.636148612362883,Ns3
0,1358,158273,5.412131544377039,Ns3
0,1206,243103,17.22528325169203,Ns3
0,1165,313266,15.80211121459004,Ns3
0,1183,989136,4.90105029539558,Ns3
0,1297,165081,15.278698455863545,Ns3
0,1337,376338,3.9165613982164067,Ns3
0,1130,945703,6.019658983960432,Ns3
0,1310,177611,13.433891489221438,Ns3
0,1389,47772,1.121901163739826,Ns3
0,822,393740,28.58757209969602,Ns3
0,1373,57703,9.718816175968303,Ns3
0,1067,993281,7.055530390625932,Ns3
0,1397,28734,2.4499572919374604,Ns3
0,1350,204989,5.555317577125055,Ns3
0,784,553051,21.710909428688446,Ns3
0,1308,191115,13.310195919669255,Ns3
0,1376,299102,1.679104919157933,Ns3
0,1065,594474,12.017144784612405,Ns3
0,1090,665144,9.83891463053497,Ns3
0,1384,37269,10.503299410505322,Ns3
0,1380,173356,2.8506554245438376,Ns3
0,1253,536618,6.815736371741068,Ns3
0,1387,260802,1.6951223367976982,Ns3
0,1406,62713,1.270838597884553,Ns3
0,1374,189121,5.01766345512937,Ns3
0,945,668465,14.118607815085976,Ns3
0,1393,188997,2.3273910319631304,Ns3
0,1394,36140,10.868048015442152,Ns3
0,915,597317,16.87414222140428,Ns3
0,1294,297429,10.623859106324746,Ns3
0,807,776328,15.794486292250385,Ns3
0,1311,463162,6.203604101289262,Ns3
0,1403,202745,1.5153518419894876,Ns3
0,1390,269576,1.9507121062432788,Ns3
0,996,527669,16.52740009151416,Ns3
0,1318,221312,12.306484072577433,Ns3
0,1342,577883,3.2813688134869476,Ns3
0,1164,414012,14.114108233733639,Ns3
0,1372,912819,1.488859540471511,Ns3
0,1346,754287,2.6325703945306533,Ns3
0,1411,131123,3.227925003547609,Ns3
0,1037,851983,9.787007533482143,Ns3
0,1409,138722,3.5334895085518525,Ns3
0,1280,319920,11.338155710312412,Ns3
0,1356,167949,10.323998300610805,Ns3
0,1354,927472,1.9290520575480177,Ns3
0,1343,221577,9.476134404752433,Ns3
0,1132,271886,22.973755850004622,Ns3
0,1422,42010,4.7636028355206435,Ns3
0,963,951965,10.210052386626796,Ns3
0,1429,1022,1.2377378718842134,Ns3
0,1433,767,1.0036319612590798,Ns3
0,1214,1391010,3.702548988397507,Ns3
0,1353,432251,4.495023971711212,Ns3
0,1306,496565,7.019748147865272,Ns3
0,1272,275883,14.662472445184848,Ns3
0,1441,8247,1.454536156285159,Ns3
0,1401,198483,4.339366141406499,Ns3
0,1222,378411,13.29379812981298,Ns3
0,1439,24408,3.0930771210431502,Ns3
0,1256,1253314,3.5277574417860476,Ns3
0,1388,340075,3.427561002723584,Ns3
0,1246,756694,6.030653960523543,Ns3
0,1446,39110,1.1204623239634182,Ns3
0,691,570086,26.090196657075637,Ns3
0,1330,283556,10.123664096742267,Ns3
0,1402,139114,7.402673944528627,Ns3
0,1416,39480,17.234792266141653,Ns3
0,1127,393981,17.420898144829085,Ns3
0,1217,307047,17.271359206970406,Ns3
0,643,1340592,12.156845687179464,Ns3
0,1321,775952,4.248732557836858,Ns3
0,1392,736239,1.8522219622964176,Ns3
0,1360,843843,2.588894961013206,Ns3
0,1336,589840,4.935984551324603,Ns3
0,1362,324920,6.585889526542324,Ns3
0,1408,309225,3.56314933701784,Ns3
0,1413,361454,2.988863705491616,Ns3
0,1377,314116,5.5789928598271326,Ns3
0,1418,36064,19.574331841669345,Ns3
0,930,2688567,4.075186856706916,Ns3
0,1332,643454,4.812775174045593,Ns3
0,1414,335173,3.3184666459907524,Ns3
0,1448,59451,6.436598367482925,Ns3
0,1368,560887,3.980490660824567,Ns3
0,1476,13418,1.5642370958593308,Ns3
0,1472,17222,3.0209838719001096,Ns3
0,1440,111229,5.739516606016862,Ns3
0,1421,240158,4.44131801076045,Ns3
0,1449,230871,2.5418466522678185,Ns3
0,1458,164193,2.4503159375972507,Ns3
0,1432,173930,4.7436706731092775,Ns3
0,1467,132721,2.3494056177017217,Ns3
0,1454,249629,2.2091199343523185,Ns3
0,868,677084,18.021768599133342,Ns3
0,1415,512886,2.63579188239645,Ns3
0,1290,199174,21.630325920656695,Ns3
0,1219,202207,27.472045817586785,Ns3
0,1399,252178,6.667502357675752,Ns3
0,1426,386169,3.1795123116647623,Ns3
0,1470,177153,2.1099429039676454,Ns3
0,935,1067872,10.563197392502554,Ns3
0,1452,466058,1.715158986350812,Ns3
0,1407,674796,2.5622426643956615,Ns3
0,1428,351674,3.8354982137635982,Ns3
0,1434,222021,5.05420054200542,Ns3
0,1423,436802,3.3071607682611113,Ns3
0,827,770518,17.25205289814637,Ns3
0,1478,257339,1.8516015065465212,Ns3
0,1477,265737,1.9068525949409183,Ns3
0,987,510837,20.42787780330704,Ns3
0,1459,140852,5.7134713736321086,Ns3
0,1395,349281,5.949334643327385,Ns3
0,1176,550932,12.818473222954399,Ns3
0,1430,295891,4.400952160703036,Ns3
0,1493,49966,4.224110937150526,Ns3
0,1220,166332,35.84534521158129,Ns3
0,1484,96534,3.999534333918401,Ns3
0,1468,36482,17.03398247031021,Ns3
0,1503,19902,1.771607152005738,Ns3
0,1471,37821,15.895911749377497,Ns3
0,956,1437913,7.791927054872779,Ns3
0,789,970817,14.613224561467689,Ns3
0,1462,427022,2.2153421361225774,Ns3
0,1457,220771,4.7050124566147815,Ns3
0,1495,110006,2.752934988428361,Ns3
0,851,1207807,10.942530298417616,Ns3
0,1419,541206,3.2622513683232617,Ns3
0,1491,210767,2.2053836595735197,Ns3
0,1073,809399,11.23072891356658,Ns3
0,1508,34938,4.504203250513731,Ns3
0,1498,103248,3.4199797988481047,Ns3
0,1500,101638,2.8194810506225574,Ns3
0,1507,13256,8.58571696520679,Ns3
0,1494,336689,1.3209775610098422,Ns3
0,1208,376432,17.59802678245169,Ns3
0,891,655322,19.076449608938546,Ns3
0,1456,639939,1.8976143970885293,Ns3
0,1482,235525,3.5928301019847573,Ns3
0,1497,129543,4.050551107600618,Ns3
0,1447,473214,3.1106301371234863,Ns3
0,1483,227408,3.7583131707922326,Ns3
0,1521,55302,4.178242535408354,Ns3
0,1511,95499,4.274022850936977,Ns3
0,1469,89892,13.62862186744445,Ns3
0,1150,1004930,8.085053705921617,Ns3
0,1505,194147,3.1183039893697337,Ns3
0,1524,63189,3.8700847351355225,Ns3
0,1464,424177,3.3555447647273873,Ns3
0,1445,239456,7.0242846439105815,Ns3
0,615,1138310,16.176228062896733,Ns3
0,1519,107400,3.3320733992375784,Ns3
0,1089,357381,25.62951029664534,Ns3
0,1516,245439,1.906875038961911,Ns3
0,1481,86574,14.374335238650982,Ns3
0,1533,72944,2.403468921325313,Ns3
0,1485,380417,3.091453727510423,Ns3
0,1513,131282,4.618919373842788,Ns3
0,1180,998739,7.894167715538747,Ns3
0,1252,831289,7.699324503027227,Ns3
0,1371,401572,8.912022535808893,Ns3
0,1530,73559,4.42011256337504,Ns3
0,1486,130692,8.532755322792159,Ns3
0,1386,221792,14.46198074263276,Ns3
0,1398,202988,14.7682170901227,Ns3
0,1492,322824,3.6203351777857185,Ns3
0,1531,163437,2.6417368168846864,Ns3
0,1479,618173,2.3935914516853587,Ns3
0,1554,116467,1.1589336731138695,Ns3
0,1542,45813,6.020976816374042,Ns3
0,1502,162671,5.981238273921201,Ns3
0,1528,324035,1.9032818786076613,Ns3
0,1237,1009841,6.880920750450482,Ns3
0,1561,21641,5.09739826551034,Ns3
0,757,1037534,15.213436981620045,Ns3
0,1553,76140,4.061803502387992,Ns3
0,1431,203182,11.878690039564502,Ns3
0,1382,550288,6.381216296543378,Ns3
0,1475,473820,3.850522372757598,Ns3
0,1496,393156,3.5477080286699527,Ns3
0,1540,54199,10.166566570712614,Ns3
0,824,3794727,3.931987549441079,Ns3
0,1578,5266,2.453009068425392,Ns3
0,1574,58041,2.8844541077807113,Ns3
0,1576,9913,10.544402583423036,Ns3
0,1463,1008210,2.127903575119021,Ns3
0,1537,124795,5.4523663240988975,Ns3
0,1510,464211,2.6179352652369627,Ns3
0,1461,817703,2.662223892679542,Ns3
0,1566,217717,1.3928438436007449,Ns3
0,1450,221104,11.06166127223542,Ns3
0,1569,251167,1.394652842552274,Ns3
0,1187,583884,13.941502215264,Ns3
0,529,915823,22.61998750090014,Ns3
0,1512,333288,3.8332400397430693,Ns3
0,1571,118768,3.0947213159591302,Ns3
0,1420,326533,9.291723478223625,Ns3
0,1517,143542,8.358493783649903,Ns3
0,1538,134991,6.404553294239393,Ns3
0,1424,173755,16.716930028368612,Ns3
0,627,953513,19.807385091417753,Ns3
0,1518,230066,5.247337326491813,Ns3
0,1582,72015,3.108170947741364,Ns3
0,1555,214152,3.4896642881823516,Ns3
0,1536,176399,5.523177797097217,Ns3
0,1585,73871,3.463194637506564,Ns3
0,1568,108789,5.878258927146823,Ns3
0,1588,68589,3.945848734481444,Ns3
0,1465,1080441,2.3223189631254213,Ns3
0,1591,8061,17.05317823016203,Ns3
0,1526,130257,10.05410592656734,Ns3
0,1480,509019,4.392654043208522,Ns3
0,1340,788584,6.769454577232943,Ns3
0,1501,825734,2.1637620482057764,Ns3
0,1602,24335,1.629514963880289,Ns3
0,1532,96039,13.340195549157219,Ns3
0,1606,12602,5.1681783603487625,Ns3
0,1523,797108,1.917161562678878,Ns3
0,1611,1333,5.57713567839196,Ns3
0,1443,188743,15.750263952202914,Ns3
0,1589,87538,4.519852516664042,Ns3
0,1608,38181,3.348410968334098,Ns3
0,1087,484198,21.36851708503815,Ns3
0,1584,210429,2.8352892594266708,Ns3
0,1614,6786,5.033052039381153,Ns3
0,1598,150987,2.574104278591582,Ns3
0,1054,1427258,8.066681513510629,Ns3
0,1121,793528,12.587114723463387,Ns3
0,1581,214529,3.305041312811078,Ns3
0,1437,854495,3.8109285543395406,Ns3
0,1596,224946,2.0689543440086964,Ns3
0,1557,498890,2.4410256775763104,Ns3
0,1549,217756,6.126630909856146,Ns3
0,1583,104056,6.920419220179412,Ns3
0,1620,23262,1.7406860771948656,Ns3
0,1381,336133,13.328058337726235,Ns3
0,1522,390331,4.460321601366094,Ns3
0,1417,275773,13.80529955886879,Ns3
0,1444,387844,8.478461646388517,Ns3
0,1509,142835,14.09066996260379,Ns3
0,1379,354311,13.042241540350128,Ns3
0,1616,125705,2.6548664386727054,Ns3
0,1572,192451,6.050392367119148,Ns3
0,879,980514,15.231783798468697,Ns3
0,1587,203488,4.386924674126197,Ns3
0,1586,445614,2.0415544930994987,Ns3
0,1552,810832,1.9004955145745184,Ns3
0,1396,361122,12.417779901862902,Ns3
0,1577,439922,2.6966930914278793,Ns3
0,1488,1169531,2.322014361261626,Ns3
0,1438,342185,10.22634793852619,Ns3
0,1544,397925,4.2710985959048715,Ns3
0,1436,260922,13.632760165177304,Ns3
0,1546,345968,5.037492072487822,Ns3
0,1153,976840,10.155710507391516,Ns3
0,1597,223485,4.160951519422735,Ns3
0,1610,126444,5.554121982374402,Ns3
0,1594,392162,2.5279350590194296,Ns3
0,1623,317414,1.3020200630084098,Ns3
0,1628,35017,6.572736584003228,Ns3
0,1490,623143,4.573693873508753,Ns3
0,1565,261703,5.836006411845974,Ns3
0,1282,349173,21.40272035610974,Ns3
0,1638,13684,1.2723335894391283,Ns3
0,1357,393487,14.444896106121787,Ns3
0,1575,1131391,1.281627313699964,Ns3
0,1601,68772,12.684078244621922,Ns3
0,1088,516856,21.56009862525134,Ns3
0,1642,16868,1.781750924784217,Ns3
0,1615,387090,1.8959859925317948,Ns3
0,1625,248986,2.1094246482069905,Ns3
0,1599,260669,4.165465382686146,Ns3
0,1621,149891,4.369202024133904,Ns3
0,1451,597118,6.331762445456195,Ns3
0,1593,223118,5.474768757506163,Ns3
0,1487,813314,3.8162316251140185,Ns3
0,1541,657120,3.239027853552963,Ns3
0,1535,150444,14.823246542724403,Ns3
0,1644,42720,5.389256882632996,Ns3
0,1649,37421,1.0876439300952716,Ns3
0,1603,223171,5.230306605015641,Ns3
0,1651,538,2.5040871934604905,Ns3
0,1558,328275,6.261785868470284,Ns3
0,1562,149907,12.966716866330152,Ns3
0,1640,182176,2.1355991050073295,Ns3
0,1383,2190476,2.4454863702327363,Ns3
0,1273,274556,29.467351061671625,Ns3
0,1573,407165,4.581604538558566,Ns3
0,927,923076,15.761792482922111,Ns3
0,1592,525568,2.7755436744269986,Ns3
0,1617,296214,3.514323264103228,Ns3
0,1647,91516,1.7651342193170074,Ns3
0,1547,152006,14.893532735536175,Ns3
0,1604,274296,4.732068888468744,Ns3
0,1650,31007,4.8743546207422295,Ns3
0,1639,98282,5.1946963919037845,Ns3
0,1635,487127,1.2612221862738182,Ns3
0,1652,89613,1.7576717811874583,Ns3
0,957,527700,26.510112419155906,Ns3
0,1605,63138,21.22846898529939,Ns3
0,966,713165,19.76110351585129,Ns3
0,1579,288558,6.392813211754716,Ns3
0,1630,145120,5.770882537234299,Ns3
0,1618,355592,3.3591123491302657,Ns3
0,1634,426029,1.8227652428877525,Ns3
0,1453,181104,21.78739297112767,Ns3
0,1391,239703,21.60459937841116,Ns3
0,1361,686893,8.918299448626687,Ns3
0,1543,431148,5.949891809364805,Ns3
0,1653,31382,7.522857436811962,Ns3
0,1529,154518,18.34956400840247,Ns3
0,1520,322977,9.150512078919753,Ns3
0,1563,579768,3.9995682352074517,Ns3
0,1626,132038,8.124354750621025,Ns3
0,1266,489307,17.485331524907497,Ns3
0,1658,101929,2.0766738049106586,Ns3
0,1665,7995,4.882050744390858,Ns3
0,1366,246235,24.700819210101088,Ns3
0,1564,749935,3.1678193402039647,Ns3
0,1646,98475,5.271585851487468,Ns3
0,1668,56873,1.9224189141024117,Ns3
0,1657,103557,3.9929045573715625,Ns3
0,1556,1179946,2.264072228261637,Ns3
0,1664,174942,1.7327172596543117,Ns3
0,1660,135194,2.7621749124060573,Ns3
0,1427,348390,14.527558896840073,Ns3
0,1686,1628,1.5630929791271346,Ns3
0,1678,61469,2.8930824550755028,Ns3
0,1570,435591,5.94753695518623,Ns3
0,1689,18672,2.017732605287344,Ns3
0,1655,310161,2.0493207235607596,Ns3
0,1643,125966,7.858047516198704,Ns3
0,1656,205579,3.0907559570373837,Ns3
0,1545,184602,16.030955448781015,Ns3
0,1681,39800,4.71929388363998,Ns3
0,1683,87961,2.201045068582626,Ns3
0,1600,1029378,2.027981004760364,Ns3
0,1688,80880,1.2907108467856132,Ns3
0,1685,91865,1.7916969408463408,Ns3
0,846,1120500,15.210194768515963,Ns3
0,1435,337973,14.818583513948123,Ns3
0,1694,57445,1.7264990783952312,Ns3
0,1636,156305,7.930856940509915,Ns3
0,1700,1108,1.005,Ns3
0,1567,973302,2.914746771803233,Ns3
0,1534,215250,15.263018019492922,Ns3
0,1706,16345,2.311413043478261,Ns3
0,1666,261651,2.426321618628272,Ns3
0,1400,1061102,5.617415309969569,Ns3
0,1669,134733,4.511461667181129,Ns3
0,1514,896476,4.270788909752501,Ns3
0,1550,323316,9.86123619084203,Ns3
0,1641,716146,2.091716417910448,Ns3
0,1489,235856,18.08886886161261,Ns3
0,1474,356615,13.12882172783199,Ns3
0,1698,138952,2.3466017219842223,Ns3
0,1672,201120,3.6495836331859772,Ns3
0,1661,76551,12.030833980060892,Ns3
0,1693,216258,2.107583247324678,Ns3
0,1675,48819,14.006451476882209,Ns3
0,1714,34303,4.93654707249334,Ns3
0,1713,122370,1.7637370977534912,Ns3
0,1710,115692,2.3432900129259813,Ns3
0,1699,31575,10.082600788117611,Ns3
0,1703,162252,2.182449417645661,Ns3
0,1499,492244,8.83813591354152,Ns3
0,1712,210546,1.2602848983780648,Ns3
0,1637,214457,8.007750324527724,Ns3
0,1659,178291,6.128736734265,Ns3
0,1607,677753,3.704145380901325,Ns3
0,1466,601869,8.478232838928331,Ns3
0,1590,216636,12.617351170853096,Ns3
0,1662,134158,8.287282096440162,Ns3
0,1580,384130,8.0855554050226,Ns3
0,1722,71140,1.554684249271837,Ns3
0,1663,137279,8.912853568550952,Ns3
0,1673,113532,9.383988979029542,Ns3
0,1709,483896,1.1940486744084673,Ns3
0,1385,538456,12.672168585548048,Ns3
0,1460,660745,8.12791796633558,Ns3
0,1717,363461,1.3242930281877971,Ns3
0,1729,61854,2.2445452384000584,Ns3
0,1687,164588,5.237568352123135,Ns3
0,1671,209791,5.737649034424853,Ns3
0,1738,2097,1.3823720025923525,Ns3
0,1504,745349,6.150459388173045,Ns3
0,1375,261089,26.166009510211033,Ns3
0,1612,406459,6.6476412855816065,Ns3
0,1619,829684,3.1244891674127127,Ns3
0,1680,437003,2.550183698019963,Ns3
0,1515,693076,6.3424246577689445,Ns3
0,1631,590187,3.862619988139392,Ns3
0,1727,197779,1.4075688821662662,Ns3
0,1704,137648,5.548240270727581,Ns3
0,1648,201345,8.875319074538144,Ns3
0,946,1539330,10.348567960903694,Ns3
0,1692,459980,2.154379838373225,Ns3
0,1473,336882,15.335421075483502,Ns3
0,1702,183921,4.577544760768753,Ns3
0,1093,883459,14.869308999145959,Ns3
0,1733,229490,1.1322231900394528,Ns3
0,1624,133130,19.05232410464821,Ns3
0,1716,138284,5.7865486641448385,Ns3
0,1736,91402,3.9749921339122776,Ns3
0,1276,383893,25.746098175332033,Ns3
0,1753,25159,2.7492589654740534,Ns3
0,1739,56007,4.614116107319809,Ns3
0,1412,418452,15.835260604146058,Ns3
0,1751,64033,2.478703081331588,Ns3
0,1754,86113,1.4577125036650052,Ns3
0,1752,105964,1.8133098318172758,Ns3
0,1762,64600,1.1435740857724432,Ns3
0,1676,580023,2.902590124638499,Ns3
0,1755,88968,2.4703594593896168,Ns3
0,1720,289859,3.521919062442776,Ns3
0,1744,240858,1.8880995886301677,Ns3
0,1773,35117,1.137310752654881,Ns3
0,1691,172343,8.733192564126936,Ns3
0,1745,440500,1.1655555436079958,Ns3
0,1774,12294,4.637502848029164,Ns3
0,1764,214465,1.5156150728447804,Ns3
0,1682,622982,2.930976934522392,Ns3
0,1756,111903,4.007566034611244,Ns3
0,1718,167990,7.4669064557582505,Ns3
0,1771,53456,4.8486171150375625,Ns3
0,1759,100904,4.0100157254277,Ns3
0,1684,282859,6.630572080090379,Ns3
0,1740,74643,9.917601908198526,Ns3
0,1629,673758,4.598859808240477,Ns3
0,1769,209798,1.718139888948594,Ns3
0,1761,114282,4.049676841062414,Ns3
0,1595,483880,8.15867402665465,Ns3
0,1715,114201,13.090374157941726,Ns3
0,1175,603342,20.649719376132914,Ns3
0,1779,69885,3.435315767188874,Ns3
0,1784,12336,6.03969696969697,Ns3
0,1777,143568,2.268032866746777,Ns3
0,1741,589620,1.5701171537003424,Ns3
0,1632,381752,8.43349130444106,Ns3
0,1690,230453,8.909959281143802,Ns3
0,1790,24770,5.566675281044063,Ns3
0,1772,246432,2.422923164365307,Ns3
0,1410,2500853,3.0705370068399347,Ns3
0,1775,368931,1.5961910744734042,Ns3
0,1794,40703,3.838681746847773,Ns3
0,1560,370378,13.082972036577747,Ns3
0,1783,98001,4.354705882352941,Ns3
0,1667,329619,7.865239560975086,Ns3
0,1797,148718,1.721951142978176,Ns3
0,1776,264933,2.509695179983456,Ns3
0,1404,764068,10.372007363619119,Ns3
0,1364,749983,11.811180946708822,Ns3
0,1746,93288,11.625724047425106,Ns3
0,1747,131521,9.054470681878483,Ns3
0,1539,2068866,2.5793618618964476,Ns3
0,1613,398765,10.156854948785206,Ns3
0,1708,1058243,1.9474515384286828,Ns3
0,1734,288203,5.066310121040011,Ns3
0,1701,257082,8.328743466769275,Ns3
0,1781,197628,3.2292537277994113,Ns3
0,1798,189294,1.9218108524827702,Ns3
0,1805,123482,1.2807260074293507,Ns3
0,1742,308067,4.45044618738007,Ns3
0,1803,60091,2.988671375967536,Ns3
0,1765,413204,2.5674170015438245,Ns3
0,1782,363169,1.9877020230790514,Ns3
0,1034,609295,25.88819252412353,Ns3
0,1724,400901,4.504368410488908,Ns3
0,1695,473890,4.998691427252685,Ns3
0,1609,611047,7.1382165765898735,Ns3
0,1791,309255,2.0671355840349284,Ns3
0,1812,38358,3.0205964691767124,Ns3
0,1793,315741,1.8158750813272608,Ns3
0,1808,72538,2.869960089249238,Ns3
0,1405,922202,8.855683397296975,Ns3
0,1730,289065,6.331671494431072,Ns3
0,1425,697424,11.072391798242,Ns3
0,1735,748637,2.3890153901324798,Ns3
0,1815,30635,3.375543402047399,Ns3
0,1679,404403,7.056278680729414,Ns3
0,1265,757243,15.423607449270147,Ns3
0,1732,373868,5.081705334250516,Ns3
0,1749,109444,14.499624628593784,Ns3
0,1788,209416,4.327356321839081,Ns3
0,1654,1515927,2.2823599361287856,Ns3
0,1674,251952,12.196153756279939,Ns3
0,1810,292377,1.5767832720788468,Ns3
0,1807,103774,5.210301862842254,Ns3
0,1817,78291,4.133178525528684,Ns3
0,1527,329108,18.171871503692103,Ns3
0,1826,133316,1.0995880679338814,Ns3
0,1811,318764,1.7452059665667794,Ns3
0,1827,53084,3.8152121122537324,Ns3
0,1833,87691,1.3865119081929416,Ns3
0,1723,290050,8.018172203259459,Ns3
0,1820,163650,2.4308736338309878,Ns3
0,1645,441295,9.016375888145483,Ns3
0,1804,444868,1.8407419830583374,Ns3
0,1203,1380401,9.6799770006204,Ns3
0,1767,622138,2.747854916428536,Ns3
0,1748,430803,4.639567899571671,Ns3
0,1731,280725,8.52441452187353,Ns3
0,1814,351914,2.195784983794858,Ns3
0,1197,485855,27.68339675003505,Ns3
0,1802,690323,1.440163824451195,Ns3
0,1819,110554,5.549947063271994,Ns3
0,1847,10038,6.359826333510544,Ns3
0,1633,576834,7.943897036593718,Ns3
0,1816,247566,3.3857137423091186,Ns3
0,1861,38017,1.9353928540581005,Ns3
0,1835,209840,2.3473053892215567,Ns3
0,1868,511,1.0041465100207325,Ns3
0,1852,123768,1.46372133178184,Ns3
0,1813,640923,1.6383724677460578,Ns3
0,1799,282821,4.678346285981122,Ns3
0,1757,751010,2.9745299214789847,Ns3
0,1548,2662217,2.4331743370616503,Ns3
0,1857,91105,2.5348758655632495,Ns3
0,1770,615003,3.442193698769701,Ns3
0,1854,173120,1.9101023346356103,Ns3
0,1862,79078,3.018182816963305,Ns3
0,1848,198994,2.208732568766768,Ns3
0,1870,84644,2.0862800374069908,Ns3
0,1869,16888,10.793103448275861,Ns3
0,1737,333317,8.293164364968833,Ns3
0,1860,56941,5.587289342511275,Ns3
0,1836,69592,8.957868161055412,Ns3
0,1880,13112,1.0505808499891767,Ns3
0,1882,3167,1.3761553398058253,Ns3
0,1840,313277,2.2783553323209906,Ns3
0,1622,1179021,4.580827010759981,Ns3
0,1846,41444,14.383835696613371,Ns3
0,1832,91670,9.502819571425144,Ns3
0,1766,396473,6.066155417411992,Ns3
0,1800,447818,3.782296967068307,Ns3
0,1750,250024,10.738516506148441,Ns3
0,1859,35249,14.73723190865607,Ns3
0,1154,899998,16.590629366238087,Ns3
0,1872,84083,5.011849892273706,Ns3
0,1768,547611,4.568803465078505,Ns3
0,1851,124296,5.555557631933024,Ns3
0,1871,482677,1.0637537346593573,Ns3
0,1893,106313,2.0430650107662527,Ns3
0,1896,14700,10.328586497890296,Ns3
0,1455,840146,10.402781392874926,Ns3
0,1888,22065,13.188120202209324,Ns3
0,1728,271256,12.360558297057139,Ns3
0,1839,354304,3.11180534474649,Ns3
0,1902,42262,2.5468770408296546,Ns3
0,1627,597215,9.265865913692563,Ns3
0,1821,992786,1.650936751317681,Ns3
0,1227,698475,19.987174492722474,Ns3
0,1866,154911,6.02456730189362,Ns3
0,1879,150507,4.327218737643529,Ns3
0,1837,777576,1.7388037808153873,Ns3
0,1904,246868,1.059971008687857,Ns3
0,1818,187401,9.010684348356392,Ns3
0,1856,94542,10.375666700211331,Ns3
0,1865,171278,5.928720730074592,Ns3
0,469,2140090,13.338183763763986,Ns3
0,1795,301002,8.339227407444618,Ns3
0,1850,308086,4.29972265636971,Ns3
0,1912,68706,3.612786310075467,Ns3
0,1525,445103,17.251730076718335,Ns3
0,1921,48583,3.4492035073222236,Ns3
0,1889,327743,2.3805928734107877,Ns3
0,1918,76557,3.417749854497157,Ns3
0,1887,146458,5.639955410462616,Ns3
0,1940,7292,2.427298050139276,Ns3
0,1929,146610,1.4542764413898435,Ns3
0,1908,149575,3.18606374514423,Ns3
0,1858,361448,4.1659580313456654,Ns3
0,1939,37976,4.8740118862154524,Ns3
0,1917,61684,8.142681652334941,Ns3
0,1838,706954,2.5636899072181056,Ns3
0,1920,117450,4.298068758515827,Ns3
0,1696,494922,9.588957914452086,Ns3
0,1867,193848,7.586140554668216,Ns3
0,1907,177777,3.9480896983260343,Ns3
0,1863,333900,4.772623385812842,Ns3
0,1950,8735,10.215283241542092,Ns3
0,1891,278137,4.114537463604423,Ns3
0,1942,87945,3.745577360265489,Ns3
0,1785,201336,14.86006013390412,Ns3
0,1900,725853,1.3252043828586764,Ns3
0,1763,746007,4.940474086387731,Ns3
0,1938,117767,3.7629290392475503,Ns3
0,1884,1103176,1.185939201794399,Ns3
0,1945,105628,2.965954213938412,Ns3
0,1890,398351,3.127842461684686,Ns3
0,1947,88959,3.3363433378976843,Ns3
0,1844,328222,5.924189596174397,Ns3
0,1806,576005,4.8885593778832215,Ns3
0,1883,470669,2.9829990107508477,Ns3
0,1843,846902,2.3736283322456826,Ns3
0,1726,407696,10.691593008384254,Ns3
0,1801,1000309,3.013839830797636,Ns3
0,1906,270332,3.5419572296866355,Ns3
0,1961,33744,3.3073004652129843,Ns3
0,1897,468119,2.7758925459655845,Ns3
0,1967,47705,2.8084808294026993,Ns3
0,1892,402603,3.4308593497416484,Ns3
0,1959,111501,2.0420898498348805,Ns3
0,1960,72025,3.62591725708502,Ns3
0,1936,129131,5.479114528006337,Ns3
0,1958,227932,1.3960907313499822,Ns3
0,1825,230260,11.019977122313914,Ns3
0,1974,1985,5.812527765437583,Ns3
0,1919,47380,18.461506855239826,Ns3
0,1024,1272983,14.897336560840941,Ns3
0,1937,274300,2.849515314014644,Ns3
0,1943,142824,5.07095347299867,Ns3
0,1934,258243,3.238227058383575,Ns3
0,1901,145224,9.043951878832903,Ns3
0,1955,146906,4.044367516752946,Ns3
0,1968,185532,1.9931535833159646,Ns3
0,1894,194215,8.636644125105663,Ns3
0,1881,571446,3.253055724806883,Ns3
0,1977,137311,1.066912575256508,Ns3
0,1930,136311,8.155954292351314,Ns3
0,1910,99921,13.433178552452237,Ns3
0,1778,1253566,3.2058078003155672,Ns3
0,1670,553570,10.66258031039996,Ns3
0,1853,345456,6.896473405165042,Ns3
0,1989,22101,1.0969053851907256,Ns3
0,1923,228809,5.471300754932241,Ns3
0,1953,452131,1.6768668992759774,Ns3
0,1913,472058,2.8960542892851944,Ns3
0,1898,139968,12.576640695235241,Ns3
0,1971,154243,3.459764460120192,Ns3
0,1993,95016,1.0181216514339742,Ns3
0,1842,811100,3.3047874662673937,Ns3
0,1999,6739,3.4699234844025897,Ns3
0,1830,343209,8.455220206763359,Ns3
0,1873,835710,2.7479016573422794,Ns3
0,1984,29564,6.5549965615838435,Ns3
0,1951,296301,3.0480482871749137,Ns3
0,1948,162989,6.141770009252419,Ns3
0,1711,496513,11.156170184324978,Ns3
0,1916,318981,4.788749703861644,Ns3
0,1957,279279,3.161350099830731,Ns3
0,839,1041753,21.845885587213594,Ns3
0,1988,70635,3.8858551995358135,Ns3
0,1824,1103108,2.9068087602828068,Ns3
0,1707,896793,6.410006919791399,Ns3
0,1990,19599,11.478050245972437,Ns3
0,1995,32670,9.04813418023025,Ns3
0,1986,130693,3.255041381151553,Ns3
0,1697,423005,13.977241055088232,Ns3
0,1963,180065,5.589433432183549,Ns3
0,1831,196947,15.807690738355182,Ns3
0,1914,316883,5.587022616341891,Ns3
0,1979,218667,2.6581106503169645,Ns3
0,1985,248028,2.0353783658089806,Ns3
0,1903,514204,3.981810678906612,Ns3
0,1705,411375,14.275767927804823,Ns3
0,1976,278404,2.5066628339116686,Ns3
0,1927,638585,2.7127315069497926,Ns3
0,1834,227441,14.341786677969957,Ns3
0,1998,393060,1.302096563513896,Ns3
0,1786,309447,14.283062839706304,Ns3
0,1925,294320,6.116415423427913,Ns3
0,1992,232219,2.7867947555794133,Ns3
0,1933,618377,2.9879444369274513,Ns3
0,1996,139167,4.935177442009629,Ns3
0,1946,251957,6.706588029666462,Ns3
0,1874,332077,8.589792204641167,Ns3
0,1935,562203,3.3569496660295277,Ns3
0,1983,128337,7.138847376572562,Ns3
0,1954,213651,7.738622244213536,Ns3
0,1877,777898,3.8929970063538613,Ns3
0,1944,659948,2.9184278508156494,Ns3
0,1876,452095,6.797487830951417,Ns3
0,1973,142177,9.66010549849231,Ns3
0,1743,510355,11.160489153156501,Ns3
0,1924,493196,4.707523306386689,Ns3
0,1677,660531,10.458686042303789,Ns3
0,1970,848844,1.8322189939440614,Ns3
0,1981,205348,5.704129547549041,Ns3
0,1899,241683,11.151124419457345,Ns3
0,1928,415732,5.689671469773454,Ns3
0,1980,628177,2.149298765684013,Ns3
0,1997,707149,1.7706953100203036,Ns3
0,1792,438105,11.598961092312516,Ns3
0,1370,760487,17.505986900325407,Ns3
0,1909,182074,14.951284194385616,Ns3
0,1789,820564,6.376437210258846,Ns3
0,1922,314273,8.484968618239213,Ns3
0,1242,791629,20.912381159941663,Ns3
0,1823,525660,8.588759772100849,Ns3
0,508,2832174,10.924641164937247,Ns3
0,1969,420564,5.102815610522533,Ns3
0,1758,1029222,5.9293730603396195,Ns3
0,1994,726751,2.3860449380908175,Ns3
0,1829,521797,8.719308635574338,Ns3
0,1864,724412,5.788915540967049,Ns3
0,1915,337875,9.516140875999188,Ns3
0,1975,371865,6.062684042154001,Ns3
0,1987,414531,5.090460037917723,Ns3
0,1721,527135,13.802912665032276,Ns3
0,1551,1290840,8.262057335270818,Ns3
0,1875,933788,4.568873917032937,Ns3
0,1841,477286,9.906739815803192,Ns3
0,1760,1206830,5.432832627335905,Ns3
0,1911,1209638,2.9551650323453953,Ns3
0,1964,580099,4.717657203528983,Ns3
0,1886,271280,14.861578615028415,Ns3
0,1941,842989,3.99413616669698,Ns3
0,1949,410064,7.769141748940137,Ns3
0,1796,1523643,3.9876629350373265,Ns3
0,1952,457888,7.050570169084625,Ns3
0,1926,965316,3.863363792470541,Ns3
0,1849,415075,11.81937570192617,Ns3
0,1932,841213,4.363496109092347,Ns3
0,1931,287531,13.058107675775002,Ns3
0,1725,923446,8.278391051440313,Ns3
0,1895,686124,6.4633378617383945,Ns3
0,1978,819207,3.5959124583129642,Ns3
0,1972,887081,3.6310439184933654,Ns3
0,1845,761683,7.079006371705433,Ns3
0,1506,1164781,10.615204120408771,Ns3
0,1965,517166,7.091820361532502,Ns3
0,1780,1267672,5.594974783475414,Ns3
0,906,1100004,22.236581186677267,Ns3
0,936,1516190,15.854154529908104,Ns3
0,1885,1057747,4.931669663611245,Ns3
0,1115,1510514,13.731887221115047,Ns3
0,1787,1044632,6.914290152608657,Ns3
0,1962,1149942,3.7138193733486813,Ns3
0,1719,775563,11.617677426866184,Ns3
0,1809,640005,11.07873887240356,Ns3
0,1559,776297,15.62870240468072,Ns3
0,1878,561762,10.561542051042752,Ns3
0,1822,1173596,5.868654988310153,Ns3
0,1956,819386,5.728095186988946,Ns3
0,1966,919129,5.079756720014591,Ns3
0,1905,1463989,4.039895296169078,Ns3
0,1991,3222623,1.415528536182081,Ns3
0,1828,856016,9.117584885536472,Ns3
0,1855,1039217,7.273759314937893,Ns3
0,1442,3421265,4.589328724283497,Ns3
0,1982,1067273,5.097903570950916,Ns3
